headline,link
US hints Russia and China 'less likely' to sign on joint declaration,https://timesofindia.indiatimes.com/world/us/g20-summit-us-hints-russia-and-china-less-likely-to-sign-on-joint-declaration/articleshow/103450651.cms
"Why, when and how to file a revised income tax return",https://timesofindia.indiatimes.com/business/india-business/why-when-and-how-to-file-a-revised-income-tax-return/articleshow/103427711.cms
How G20 summit can be India's 'coming-out party' to the world,https://timesofindia.indiatimes.com/india/major-power-whose-time-has-come-how-g20-summit-can-be-indias-coming-out-party-to-the-world/articleshow/103465418.cms
'China moves to widen state employee iPhone curbs',https://timesofindia.indiatimes.com/business/international-business/china-moves-to-widen-state-employee-iphone-curbs-sources/articleshow/103477357.cms
US Open Live: Bopanna & Ebden vs Mahut & Herbert,https://timesofindia.indiatimes.com/sports/tennis/us-open/rohan-bopanna-matthew-ebden-vs-pierre-hugues-herbert-nicolas-mahut-us-open-2023-semifinal-live-score-updates/liveblog/103478285.cms
Rajasthan's Kamdhenu Pashu Bima Yojana benefits extended to just 40 lakh against 1.10 crore registered families,https://timesofindia.indiatimes.com/city/jaipur/rajasthans-kamdhenu-pashu-bima-yojana-benefits-extended-to-just-40-lakh-out-of-1-10-crore-registered-families/articleshow/103479289.cms
NRI's wife found murdered at her house in Punjab's Payal town,https://timesofindia.indiatimes.com/city/ludhiana/nris-wife-found-murdered-at-her-house-in-punjabs-payal-town/articleshow/103478918.cms
Why rising peacock population in Kerala is worrying scientists,https://timesofindia.indiatimes.com/india/once-rare-peacocks-are-now-present-in-all-of-kerala-whys-this-worrying-scientists/articleshow/103277666.cms
Class apart! Stealth 16 laptop by MSI Mercedes-AMG Motorsport,https://timesofindia.indiatimes.com/class-apart-msi-stealth-16-mercedes-amg-motorsport-a13v-laptop/articleshow/103216423.cms
"Shopping: Laptop Days Sale (6-8 Sep) - Upto ₹‎35,000 off on best Laptops",https://timesofindia.indiatimes.com/amazon-bestsellers
Excel with IIT Delhi's Digital Marketing programme,https://timesofindia.indiatimes.com/articleshow/103456426.cms
'If we get such requests...': UN on India vs 'Bharat' debate,https://timesofindia.indiatimes.com/india/if-we-get-requests-like-that-un-spokesperson-on-india-vs-bharat-debate/articleshow/103454543.cms
How govt plans to 'hacker-proof' G20 Summit venues,https://www.gadgetsnow.com/slideshows/limit-wi-fi-connections-no-external-devices-and-more-how-the-government-plans-to-hacker-proof-g20-summit-venues/photolist/103463732.cms
"Maha's temperature, cyclones rise 1.5 times more than average",https://timesofindia.indiatimes.com/india/climate-change-maharashtras-extreme-temperatures-rainfalls-cyclones-rise-1-5-times-more-than-average/articleshow/103479560.cms
Watch: Aditya L-1 takes a selfie and shares pictures of the Earth and Moon,https://www.gadgetsnow.com/tech-news/watch-aditya-l-1-takes-a-selfie-and-shares-pictures-of-the-earth-and-moon/articleshow/103468550.cms
"China's BRI losing steam as loans turn sour, investments decline",https://timesofindia.indiatimes.com/world/china/chinas-bri-losing-steam-as-loans-turn-sour-new-investments-decline-report/articleshow/103476189.cms
Google CEO Sundar Pichai on the first email his father wrote to him,https://www.gadgetsnow.com/tech-news/google-ceo-sundar-pichai-on-the-first-email-his-father-wrote-to-him/articleshow/103470530.cms
DGCA allows AI to conditionally resume pilot training,https://timesofindia.indiatimes.com/india/dgca-allows-ai-to-conditionally-resume-pilot-training-at-hyderabad-mumbai-centres/articleshow/103471768.cms
Rise of Ishan Kishan: From Patna to the Indian WC squad,https://timesofindia.indiatimes.com/sports/cricket/icc-world-cup/the-rise-of-ishan-kishan-from-patna-to-the-indian-world-cup-squad/articleshow/103472104.cms
Suzanna Mukherjee recalls on break from acting due to sleazy roles,https://timesofindia.indiatimes.com/tv/news/hindi/exclusive-tellyblazer-roadies-fame-suzanna-mukherjee-recalls-taking-a-break-from-acting-because-of-being-offered-sleazy-roles-says-i-kept-thinking-what-wrong-have-i-done-in-life/articleshow/103475624.cms
Govt does U-turn on rule against misleading ads for Ayush medicine,https://timesofindia.indiatimes.com/india/govt-does-u-turn-on-rule-against-misleading-ads-for-ayush-medicine/articleshow/103471526.cms
'Jawan' movie review and release LIVE Updates,https://timesofindia.indiatimes.com/entertainment/hindi/bollywood/news/jawan-movie-review-box-office-collection-release-live-updates-jawan-review-shah-rukh-khan-nayanthara-vijay-sethupathi/liveblog/103448522.cms
Kangana calls SRK 'cinema god that India needs',https://timesofindia.indiatimes.com/entertainment/hindi/bollywood/news/kangana-ranaut-calls-shah-rukh-khan-the-cinema-god-that-india-needs-as-jawan-receives-unprecedented-response-on-its-opening-day/articleshow/103478853.cms
Jawan to mint Rs 84.50 crore on day one!,https://timesofindia.indiatimes.com/entertainment/hindi/bollywood/box-office/jawan-box-office-collection-day-1-early-estimates-shah-rukh-khan-starrer-to-record-biggest-opening-for-a-hindi-film-with-rs-84-50-crore-all-india-collection/articleshow/103467037.cms
10 characters who deserve their own spin-off,https://timesofindia.indiatimes.com/web-series/web-stories/ten-breakout-characters-on-ott-who-deserve-their-own-spin-off/photostory/103473448.cms
Shubhangi inspired by Madhuri Dixit to learn dancing,https://timesofindia.indiatimes.com/tv/news/hindi/shubhangi-atre-inspired-by-madhuri-dixit-to-learn-dancing-no-one-could-match-her-energy/articleshow/103476815.cms
Viral! Ranveer Singh and Alia Bhatt's unseen video from 'Rocky Aur Rani Kii Prem Kahaani' surfaces on social media; fans love their chemistry,https://timesofindia.indiatimes.com/videos/etimes/bollywood/viral-ranveer-singh-and-alia-bhatts-unseen-video-from-rocky-aur-rani-kii-prem-kahaani-surfaces-on-social-media-fans-love-their-chemistry/videoshow/103473887.cms
Viral! Ranveer Singh and Alia Bhatt's unseen video from 'Rocky Aur Rani Kii Prem Kahaani' surfaces on social media; fans love their chemistry,https://timesofindia.indiatimes.com/videos/etimes/bollywood/viral-ranveer-singh-and-alia-bhatts-unseen-video-from-rocky-aur-rani-kii-prem-kahaani-surfaces-on-social-media-fans-love-their-chemistry/videoshow/103473887.cms
Rajasthan's Kamdhenu Pashu Bima Yojana benefits extended to just 40 lakh against 1.10 crore registered families,https://timesofindia.indiatimes.com/city/jaipur/rajasthans-kamdhenu-pashu-bima-yojana-benefits-extended-to-just-40-lakh-out-of-1-10-crore-registered-families/articleshow/103479289.cms
Chinese President Xi Jinping’s absence from G20 summit linked to political pressures at home: Reports,https://timesofindia.indiatimes.com/videos/international/chinese-president-xi-jinpings-absence-from-g20-summit-linked-to-political-pressures-at-home-reports/videoshow/103475622.cms
Chinese President Xi Jinping’s absence from G20 summit linked to political pressures at home: Reports,https://timesofindia.indiatimes.com/videos/international/chinese-president-xi-jinpings-absence-from-g20-summit-linked-to-political-pressures-at-home-reports/videoshow/103475622.cms
US Open Semi-Final Live: Bopanna & Ebden vs Mahut & Herbert,https://timesofindia.indiatimes.com/sports/tennis/us-open/rohan-bopanna-matthew-ebden-vs-pierre-hugues-herbert-nicolas-mahut-us-open-2023-semifinal-live-score-updates/liveblog/103478285.cms
"Tecno Spark 10 Pro Moon Explorer edition launched in India: Price, specs and more",https://timesofindia.indiatimes.com/gadgets-news/tecno-spark-10-pro-moon-explorer-edition-launched-in-india-price-specs-and-more/articleshow/103476031.cms
Rupee falls 9 paise to settle at all-time low of 83.22 against US dollar,https://timesofindia.indiatimes.com/business/india-business/rupee-falls-9-paise-to-settle-at-all-time-low-of-83-22-against-us-dollar/articleshow/103476469.cms
"Indonesia warns against new conflicts as US, China, Russia attend summit",https://timesofindia.indiatimes.com/world/rest-of-world/indonesia-warns-against-new-conflicts-as-us-china-russia-attend-summit/articleshow/103475826.cms
UPSC Mains 2023: 10 Amazing Benefits of Group Study,https://timesofindia.indiatimes.com/education/web-stories/upsc-mains-2023-10-amazing-benefits-of-group-study/photostory/103470842.cms
8 Common Zinc rich foods that good for health,https://recipes.timesofindia.com/web-stories/8-common-zinc-rich-foods-that-good-for-health/photostory/103461700.cms
Cases of this viral infection rising in Kolkata,https://timesofindia.indiatimes.com/life-style/health-fitness/health-news/cases-of-this-viral-infection-rising-in-kolkata-heres-everything-you-need-to-know-about-it/photostory/103466291.cms
Switch Mobility unveils IeV series all-electric LCVs: 120 km range and connectivity,https://timesofindia.indiatimes.com/auto/cars/switch-mobility-unveils-iev-series-all-electric-lcvs-120-km-range-and-connectivity/articleshow/103478659.cms
NEET-UG 2024 Key Details to Remember,https://timesofindia.indiatimes.com/education/web-stories/neet-ug-2024-key-details-to-remember/photostory/103472148.cms
